parameter_no,no1,no2,no3,no4,no5,no6,no7,no8,no9,no10,no11,no12,no13,no14,no15,no16,no17,no18,no19,no20
000,1,2,3,4,5,-,-,-,-,-,-,-,-,-,-,-,-,-,-,-
001,2,3,4,5,-,-,-,-,-,-,-,-,-,-,-,-,-,-,-,-
002,-,-,-,-,-,-,-,-,-,-,-,-,-,-,-,-,-,-,-,-
003,-,-,-,-,-,-,-,-,-,-,-,-,-,-,-,-,-,-,-,-
004,2,3,4,5,-,-,-,-,-,-,-,-,-,-,-,-,-,-,-,-
005,-,-,-,-,-,-,-,-,-,-,-,-,-,-,-,-,-,-,-,-
006,4,-,-,-,-,-,-,-,-,-,-,-,-,-,-,-,-,-,-,-
007,3,4,-,-,-,-,-,-,-,-,-,-,-,-,-,-,-,-,-,-
008,3,-,-,-,-,-,-,-,-,-,-,-,-,-,-,-,-,-,-,-
009,4,5,-,-,-,-,-,-,-,-,-,-,-,-,-,-,-,-,-,-
010,5,-,-,-,-,-,-,-,-,-,-,-,-,-,-,-,-,-,-,-
011,2,3,4,-,-,-,-,-,-,-,-,-,-,-,-,-,-,-,-,-
012,2,3,4,5,-,-,-,-,-,-,-,-,-,-,-,-,-,-,-,-
013,1,2,3,4,5,-,-,-,-,-,-,-,-,-,-,-,-,-,-,-
014,2,3,4,-,-,-,-,-,-,-,-,-,-,-,-,-,-,-,-,-
015,3,-,-,-,-,-,-,-,-,-,-,-,-,-,-,-,-,-,-,-
016,-,-,-,-,-,-,-,-,-,-,-,-,-,-,-,-,-,-,-,-
017,3,-,-,-,-,-,-,-,-,-,-,-,-,-,-,-,-,-,-,-
018,-,-,-,-,-,-,-,-,-,-,-,-,-,-,-,-,-,-,-,-
019,-,-,-,-,-,-,-,-,-,-,-,-,-,-,-,-,-,-,-,-
020,4,-,-,-,-,-,-,-,-,-,-,-,-,-,-,-,-,-,-,-
021,3,4,-,-,-,-,-,-,-,-,-,-,-,-,-,-,-,-,-,-
022,2,3,4,-,-,-,-,-,-,-,-,-,-,-,-,-,-,-,-,-
023,1,2,3,4,5,-,-,-,-,-,-,-,-,-,-,-,-,-,-,-
024,3,-,-,-,-,-,-,-,-,-,-,-,-,-,-,-,-,-,-,-
025,4,-,-,-,-,-,-,-,-,-,-,-,-,-,-,-,-,-,-,-
026,2,3,4,-,-,-,-,-,-,-,-,-,-,-,-,-,-,-,-,-
027,1,2,3,4,5,-,-,-,-,-,-,-,-,-,-,-,-,-,-,-
028,2,3,4,5,-,-,-,-,-,-,-,-,-,-,-,-,-,-,-,-
029,-,-,-,-,-,-,-,-,-,-,-,-,-,-,-,-,-,-,-,-
030,-,-,-,-,-,-,-,-,-,-,-,-,-,-,-,-,-,-,-,-
031,-,-,-,-,-,-,-,-,-,-,-,-,-,-,-,-,-,-,-,-
032,-,-,-,-,-,-,-,-,-,-,-,-,-,-,-,-,-,-,-,-
033,3,-,-,-,-,-,-,-,-,-,-,-,-,-,-,-,-,-,-,-
034,2,4,-,-,-,-,-,-,-,-,-,-,-,-,-,-,-,-,-,-
035,3,-,-,-,-,-,-,-,-,-,-,-,-,-,-,-,-,-,-,-
036,-,-,-,-,-,-,-,-,-,-,-,-,-,-,-,-,-,-,-,-
037,4,-,-,-,-,-,-,-,-,-,-,-,-,-,-,-,-,-,-,-
038,4,-,-,-,-,-,-,-,-,-,-,-,-,-,-,-,-,-,-,-
039,4,-,-,-,-,-,-,-,-,-,-,-,-,-,-,-,-,-,-,-
040,1,2,3,4,5,-,-,-,-,-,-,-,-,-,-,-,-,-,-,-
041,3,-,-,-,-,-,-,-,-,-,-,-,-,-,-,-,-,-,-,-
042,-,-,-,-,-,-,-,-,-,-,-,-,-,-,-,-,-,-,-,-
043,3,4,-,-,-,-,-,-,-,-,-,-,-,-,-,-,-,-,-,-
044,3,-,-,-,-,-,-,-,-,-,-,-,-,-,-,-,-,-,-,-
045,-,-,-,-,-,-,-,-,-,-,-,-,-,-,-,-,-,-,-,-
046,4,-,-,-,-,-,-,-,-,-,-,-,-,-,-,-,-,-,-,-
047,2,-,-,-,-,-,-,-,-,-,-,-,-,-,-,-,-,-,-,-
048,1,3,4,-,-,-,-,-,-,-,-,-,-,-,-,-,-,-,-,-
049,3,4,-,-,-,-,-,-,-,-,-,-,-,-,-,-,-,-,-,-
050,4,-,-,-,-,-,-,-,-,-,-,-,-,-,-,-,-,-,-,-
051,1,3,4,-,-,-,-,-,-,-,-,-,-,-,-,-,-,-,-,-
052,3,-,-,-,-,-,-,-,-,-,-,-,-,-,-,-,-,-,-,-
053,1,3,4,5,-,-,-,-,-,-,-,-,-,-,-,-,-,-,-,-
054,-,-,-,-,-,-,-,-,-,-,-,-,-,-,-,-,-,-,-,-
055,4,-,-,-,-,-,-,-,-,-,-,-,-,-,-,-,-,-,-,-
056,1,3,4,-,-,-,-,-,-,-,-,-,-,-,-,-,-,-,-,-
057,1,2,3,4,5,-,-,-,-,-,-,-,-,-,-,-,-,-,-,-
058,-,-,-,-,-,-,-,-,-,-,-,-,-,-,-,-,-,-,-,-
059,-,-,-,-,-,-,-,-,-,-,-,-,-,-,-,-,-,-,-,-
060,-,-,-,-,-,-,-,-,-,-,-,-,-,-,-,-,-,-,-,-
061,2,3,4,-,-,-,-,-,-,-,-,-,-,-,-,-,-,-,-,-
062,1,3,4,5,-,-,-,-,-,-,-,-,-,-,-,-,-,-,-,-
063,4,-,-,-,-,-,-,-,-,-,-,-,-,-,-,-,-,-,-,-
064,4,-,-,-,-,-,-,-,-,-,-,-,-,-,-,-,-,-,-,-
065,3,4,-,-,-,-,-,-,-,-,-,-,-,-,-,-,-,-,-,-
066,1,3,4,-,-,-,-,-,-,-,-,-,-,-,-,-,-,-,-,-
067,1,3,4,5,-,-,-,-,-,-,-,-,-,-,-,-,-,-,-,-
068,3,4,5,-,-,-,-,-,-,-,-,-,-,-,-,-,-,-,-,-
069,4,-,-,-,-,-,-,-,-,-,-,-,-,-,-,-,-,-,-,-
070,-,-,-,-,-,-,-,-,-,-,-,-,-,-,-,-,-,-,-,-
071,3,4,5,-,-,-,-,-,-,-,-,-,-,-,-,-,-,-,-,-
072,-,-,-,-,-,-,-,-,-,-,-,-,-,-,-,-,-,-,-,-
073,-,-,-,-,-,-,-,-,-,-,-,-,-,-,-,-,-,-,-,-
074,4,-,-,-,-,-,-,-,-,-,-,-,-,-,-,-,-,-,-,-
075,1,3,4,-,-,-,-,-,-,-,-,-,-,-,-,-,-,-,-,-
076,-,-,-,-,-,-,-,-,-,-,-,-,-,-,-,-,-,-,-,-
077,3,4,-,-,-,-,-,-,-,-,-,-,-,-,-,-,-,-,-,-
078,1,3,4,-,-,-,-,-,-,-,-,-,-,-,-,-,-,-,-,-
079,1,2,3,4,5,-,-,-,-,-,-,-,-,-,-,-,-,-,-,-
080,-,-,-,-,-,-,-,-,-,-,-,-,-,-,-,-,-,-,-,-
081,1,2,3,4,5,-,-,-,-,-,-,-,-,-,-,-,-,-,-,-
082,-,-,-,-,-,-,-,-,-,-,-,-,-,-,-,-,-,-,-,-
083,-,-,-,-,-,-,-,-,-,-,-,-,-,-,-,-,-,-,-,-
084,1,2,3,4,5,-,-,-,-,-,-,-,-,-,-,-,-,-,-,-
085,-,-,-,-,-,-,-,-,-,-,-,-,-,-,-,-,-,-,-,-
086,1,2,3,4,5,-,-,-,-,-,-,-,-,-,-,-,-,-,-,-
087,1,2,3,4,5,-,-,-,-,-,-,-,-,-,-,-,-,-,-,-
088,4,-,-,-,-,-,-,-,-,-,-,-,-,-,-,-,-,-,-,-
089,-,-,-,-,-,-,-,-,-,-,-,-,-,-,-,-,-,-,-,-
090,2,3,4,-,-,-,-,-,-,-,-,-,-,-,-,-,-,-,-,-
091,-,-,-,-,-,-,-,-,-,-,-,-,-,-,-,-,-,-,-,-
092,2,3,4,-,-,-,-,-,-,-,-,-,-,-,-,-,-,-,-,-
093,2,3,4,-,-,-,-,-,-,-,-,-,-,-,-,-,-,-,-,-
094,4,-,-,-,-,-,-,-,-,-,-,-,-,-,-,-,-,-,-,-
095,-,-,-,-,-,-,-,-,-,-,-,-,-,-,-,-,-,-,-,-
096,-,-,-,-,-,-,-,-,-,-,-,-,-,-,-,-,-,-,-,-
097,3,-,-,-,-,-,-,-,-,-,-,-,-,-,-,-,-,-,-,-
098,3,-,-,-,-,-,-,-,-,-,-,-,-,-,-,-,-,-,-,-
099,3,4,-,-,-,-,-,-,-,-,-,-,-,-,-,-,-,-,-,-
100,3,4,-,-,-,-,-,-,-,-,-,-,-,-,-,-,-,-,-,-
101,2,3,4,-,-,-,-,-,-,-,-,-,-,-,-,-,-,-,-,-
102,3,-,-,-,-,-,-,-,-,-,-,-,-,-,-,-,-,-,-,-
103,3,4,5,-,-,-,-,-,-,-,-,-,-,-,-,-,-,-,-,-
104,3,-,-,-,-,-,-,-,-,-,-,-,-,-,-,-,-,-,-,-
105,-,-,-,-,-,-,-,-,-,-,-,-,-,-,-,-,-,-,-,-
106,2,3,4,-,-,-,-,-,-,-,-,-,-,-,-,-,-,-,-,-
107,2,3,-,-,-,-,-,-,-,-,-,-,-,-,-,-,-,-,-,-
108,-,-,-,-,-,-,-,-,-,-,-,-,-,-,-,-,-,-,-,-
109,3,4,-,-,-,-,-,-,-,-,-,-,-,-,-,-,-,-,-,-
110,-,-,-,-,-,-,-,-,-,-,-,-,-,-,-,-,-,-,-,-
111,2,3,4,-,-,-,-,-,-,-,-,-,-,-,-,-,-,-,-,-
112,4,-,-,-,-,-,-,-,-,-,-,-,-,-,-,-,-,-,-,-
113,-,-,-,-,-,-,-,-,-,-,-,-,-,-,-,-,-,-,-,-
114,3,-,-,-,-,-,-,-,-,-,-,-,-,-,-,-,-,-,-,-
115,-,-,-,-,-,-,-,-,-,-,-,-,-,-,-,-,-,-,-,-
116,3,-,-,-,-,-,-,-,-,-,-,-,-,-,-,-,-,-,-,-
117,-,-,-,-,-,-,-,-,-,-,-,-,-,-,-,-,-,-,-,-
118,-,-,-,-,-,-,-,-,-,-,-,-,-,-,-,-,-,-,-,-
119,3,-,-,-,-,-,-,-,-,-,-,-,-,-,-,-,-,-,-,-
120,4,-,-,-,-,-,-,-,-,-,-,-,-,-,-,-,-,-,-,-
121,-,-,-,-,-,-,-,-,-,-,-,-,-,-,-,-,-,-,-,-
122,-,-,-,-,-,-,-,-,-,-,-,-,-,-,-,-,-,-,-,-
123,2,-,-,-,-,-,-,-,-,-,-,-,-,-,-,-,-,-,-,-
124,-,-,-,-,-,-,-,-,-,-,-,-,-,-,-,-,-,-,-,-
125,-,-,-,-,-,-,-,-,-,-,-,-,-,-,-,-,-,-,-,-
126,-,-,-,-,-,-,-,-,-,-,-,-,-,-,-,-,-,-,-,-
127,-,-,-,-,-,-,-,-,-,-,-,-,-,-,-,-,-,-,-,-
128,-,-,-,-,-,-,-,-,-,-,-,-,-,-,-,-,-,-,-,-
129,-,-,-,-,-,-,-,-,-,-,-,-,-,-,-,-,-,-,-,-
130,-,-,-,-,-,-,-,-,-,-,-,-,-,-,-,-,-,-,-,-
131,-,-,-,-,-,-,-,-,-,-,-,-,-,-,-,-,-,-,-,-
132,3,4,-,-,-,-,-,-,-,-,-,-,-,-,-,-,-,-,-,-
133,-,-,-,-,-,-,-,-,-,-,-,-,-,-,-,-,-,-,-,-
134,-,-,-,-,-,-,-,-,-,-,-,-,-,-,-,-,-,-,-,-
135,-,-,-,-,-,-,-,-,-,-,-,-,-,-,-,-,-,-,-,-
136,2,3,4,5,-,-,-,-,-,-,-,-,-,-,-,-,-,-,-,-
137,-,-,-,-,-,-,-,-,-,-,-,-,-,-,-,-,-,-,-,-
138,-,-,-,-,-,-,-,-,-,-,-,-,-,-,-,-,-,-,-,-
139,4,-,-,-,-,-,-,-,-,-,-,-,-,-,-,-,-,-,-,-
140,-,-,-,-,-,-,-,-,-,-,-,-,-,-,-,-,-,-,-,-
141,-,-,-,-,-,-,-,-,-,-,-,-,-,-,-,-,-,-,-,-
142,-,-,-,-,-,-,-,-,-,-,-,-,-,-,-,-,-,-,-,-
143,-,-,-,-,-,-,-,-,-,-,-,-,-,-,-,-,-,-,-,-
144,-,-,-,-,-,-,-,-,-,-,-,-,-,-,-,-,-,-,-,-
145,-,-,-,-,-,-,-,-,-,-,-,-,-,-,-,-,-,-,-,-
146,-,-,-,-,-,-,-,-,-,-,-,-,-,-,-,-,-,-,-,-
147,-,-,-,-,-,-,-,-,-,-,-,-,-,-,-,-,-,-,-,-
148,-,-,-,-,-,-,-,-,-,-,-,-,-,-,-,-,-,-,-,-
149,-,-,-,-,-,-,-,-,-,-,-,-,-,-,-,-,-,-,-,-
150,-,-,-,-,-,-,-,-,-,-,-,-,-,-,-,-,-,-,-,-
151,-,-,-,-,-,-,-,-,-,-,-,-,-,-,-,-,-,-,-,-
152,-,-,-,-,-,-,-,-,-,-,-,-,-,-,-,-,-,-,-,-
153,-,-,-,-,-,-,-,-,-,-,-,-,-,-,-,-,-,-,-,-
154,-,-,-,-,-,-,-,-,-,-,-,-,-,-,-,-,-,-,-,-
155,-,-,-,-,-,-,-,-,-,-,-,-,-,-,-,-,-,-,-,-
156,-,-,-,-,-,-,-,-,-,-,-,-,-,-,-,-,-,-,-,-
157,-,-,-,-,-,-,-,-,-,-,-,-,-,-,-,-,-,-,-,-
158,-,-,-,-,-,-,-,-,-,-,-,-,-,-,-,-,-,-,-,-
159,-,-,-,-,-,-,-,-,-,-,-,-,-,-,-,-,-,-,-,-
160,-,-,-,-,-,-,-,-,-,-,-,-,-,-,-,-,-,-,-,-
161,-,-,-,-,-,-,-,-,-,-,-,-,-,-,-,-,-,-,-,-
162,-,-,-,-,-,-,-,-,-,-,-,-,-,-,-,-,-,-,-,-
163,-,-,-,-,-,-,-,-,-,-,-,-,-,-,-,-,-,-,-,-
164,-,-,-,-,-,-,-,-,-,-,-,-,-,-,-,-,-,-,-,-
165,-,-,-,-,-,-,-,-,-,-,-,-,-,-,-,-,-,-,-,-
166,-,-,-,-,-,-,-,-,-,-,-,-,-,-,-,-,-,-,-,-
167,-,-,-,-,-,-,-,-,-,-,-,-,-,-,-,-,-,-,-,-
168,-,-,-,-,-,-,-,-,-,-,-,-,-,-,-,-,-,-,-,-
169,-,-,-,-,-,-,-,-,-,-,-,-,-,-,-,-,-,-,-,-
170,-,-,-,-,-,-,-,-,-,-,-,-,-,-,-,-,-,-,-,-
171,-,-,-,-,-,-,-,-,-,-,-,-,-,-,-,-,-,-,-,-
172,-,-,-,-,-,-,-,-,-,-,-,-,-,-,-,-,-,-,-,-
173,-,-,-,-,-,-,-,-,-,-,-,-,-,-,-,-,-,-,-,-
174,-,-,-,-,-,-,-,-,-,-,-,-,-,-,-,-,-,-,-,-
175,-,-,-,-,-,-,-,-,-,-,-,-,-,-,-,-,-,-,-,-
176,-,-,-,-,-,-,-,-,-,-,-,-,-,-,-,-,-,-,-,-
177,-,-,-,-,-,-,-,-,-,-,-,-,-,-,-,-,-,-,-,-
178,-,-,-,-,-,-,-,-,-,-,-,-,-,-,-,-,-,-,-,-
179,-,-,-,-,-,-,-,-,-,-,-,-,-,-,-,-,-,-,-,-
180,-,-,-,-,-,-,-,-,-,-,-,-,-,-,-,-,-,-,-,-
181,-,-,-,-,-,-,-,-,-,-,-,-,-,-,-,-,-,-,-,-
182,-,-,-,-,-,-,-,-,-,-,-,-,-,-,-,-,-,-,-,-
183,-,-,-,-,-,-,-,-,-,-,-,-,-,-,-,-,-,-,-,-
184,-,-,-,-,-,-,-,-,-,-,-,-,-,-,-,-,-,-,-,-
185,-,-,-,-,-,-,-,-,-,-,-,-,-,-,-,-,-,-,-,-
186,-,-,-,-,-,-,-,-,-,-,-,-,-,-,-,-,-,-,-,-
187,-,-,-,-,-,-,-,-,-,-,-,-,-,-,-,-,-,-,-,-
188,-,-,-,-,-,-,-,-,-,-,-,-,-,-,-,-,-,-,-,-
189,-,-,-,-,-,-,-,-,-,-,-,-,-,-,-,-,-,-,-,-
190,-,-,-,-,-,-,-,-,-,-,-,-,-,-,-,-,-,-,-,-
191,-,-,-,-,-,-,-,-,-,-,-,-,-,-,-,-,-,-,-,-
192,-,-,-,-,-,-,-,-,-,-,-,-,-,-,-,-,-,-,-,-
193,-,-,-,-,-,-,-,-,-,-,-,-,-,-,-,-,-,-,-,-
194,-,-,-,-,-,-,-,-,-,-,-,-,-,-,-,-,-,-,-,-
195,-,-,-,-,-,-,-,-,-,-,-,-,-,-,-,-,-,-,-,-
196,-,-,-,-,-,-,-,-,-,-,-,-,-,-,-,-,-,-,-,-
197,-,-,-,-,-,-,-,-,-,-,-,-,-,-,-,-,-,-,-,-
198,-,-,-,-,-,-,-,-,-,-,-,-,-,-,-,-,-,-,-,-
199,-,-,-,-,-,-,-,-,-,-,-,-,-,-,-,-,-,-,-,-
200,-,-,-,-,-,-,-,-,-,-,-,-,-,-,-,-,-,-,-,-
201,-,-,-,-,-,-,-,-,-,-,-,-,-,-,-,-,-,-,-,-
202,-,-,-,-,-,-,-,-,-,-,-,-,-,-,-,-,-,-,-,-
203,-,-,-,-,-,-,-,-,-,-,-,-,-,-,-,-,-,-,-,-
204,-,-,-,-,-,-,-,-,-,-,-,-,-,-,-,-,-,-,-,-
205,-,-,-,-,-,-,-,-,-,-,-,-,-,-,-,-,-,-,-,-
206,-,-,-,-,-,-,-,-,-,-,-,-,-,-,-,-,-,-,-,-
207,-,-,-,-,-,-,-,-,-,-,-,-,-,-,-,-,-,-,-,-
208,-,-,-,-,-,-,-,-,-,-,-,-,-,-,-,-,-,-,-,-
209,-,-,-,-,-,-,-,-,-,-,-,-,-,-,-,-,-,-,-,-
210,-,-,-,-,-,-,-,-,-,-,-,-,-,-,-,-,-,-,-,-
211,-,-,-,-,-,-,-,-,-,-,-,-,-,-,-,-,-,-,-,-
212,-,-,-,-,-,-,-,-,-,-,-,-,-,-,-,-,-,-,-,-
213,-,-,-,-,-,-,-,-,-,-,-,-,-,-,-,-,-,-,-,-
214,-,-,-,-,-,-,-,-,-,-,-,-,-,-,-,-,-,-,-,-
215,-,-,-,-,-,-,-,-,-,-,-,-,-,-,-,-,-,-,-,-
216,-,-,-,-,-,-,-,-,-,-,-,-,-,-,-,-,-,-,-,-
217,-,-,-,-,-,-,-,-,-,-,-,-,-,-,-,-,-,-,-,-
218,-,-,-,-,-,-,-,-,-,-,-,-,-,-,-,-,-,-,-,-
219,-,-,-,-,-,-,-,-,-,-,-,-,-,-,-,-,-,-,-,-
220,-,-,-,-,-,-,-,-,-,-,-,-,-,-,-,-,-,-,-,-
221,-,-,-,-,-,-,-,-,-,-,-,-,-,-,-,-,-,-,-,-
222,-,-,-,-,-,-,-,-,-,-,-,-,-,-,-,-,-,-,-,-
223,-,-,-,-,-,-,-,-,-,-,-,-,-,-,-,-,-,-,-,-
224,-,-,-,-,-,-,-,-,-,-,-,-,-,-,-,-,-,-,-,-
225,-,-,-,-,-,-,-,-,-,-,-,-,-,-,-,-,-,-,-,-
226,-,-,-,-,-,-,-,-,-,-,-,-,-,-,-,-,-,-,-,-
227,-,-,-,-,-,-,-,-,-,-,-,-,-,-,-,-,-,-,-,-
228,-,-,-,-,-,-,-,-,-,-,-,-,-,-,-,-,-,-,-,-
229,-,-,-,-,-,-,-,-,-,-,-,-,-,-,-,-,-,-,-,-
230,-,-,-,-,-,-,-,-,-,-,-,-,-,-,-,-,-,-,-,-
231,-,-,-,-,-,-,-,-,-,-,-,-,-,-,-,-,-,-,-,-
232,-,-,-,-,-,-,-,-,-,-,-,-,-,-,-,-,-,-,-,-
233,-,-,-,-,-,-,-,-,-,-,-,-,-,-,-,-,-,-,-,-
234,-,-,-,-,-,-,-,-,-,-,-,-,-,-,-,-,-,-,-,-
235,-,-,-,-,-,-,-,-,-,-,-,-,-,-,-,-,-,-,-,-
236,-,-,-,-,-,-,-,-,-,-,-,-,-,-,-,-,-,-,-,-
237,-,-,-,-,-,-,-,-,-,-,-,-,-,-,-,-,-,-,-,-
238,-,-,-,-,-,-,-,-,-,-,-,-,-,-,-,-,-,-,-,-
239,-,-,-,-,-,-,-,-,-,-,-,-,-,-,-,-,-,-,-,-
240,-,-,-,-,-,-,-,-,-,-,-,-,-,-,-,-,-,-,-,-
241,-,-,-,-,-,-,-,-,-,-,-,-,-,-,-,-,-,-,-,-
242,-,-,-,-,-,-,-,-,-,-,-,-,-,-,-,-,-,-,-,-
243,-,-,-,-,-,-,-,-,-,-,-,-,-,-,-,-,-,-,-,-
244,-,-,-,-,-,-,-,-,-,-,-,-,-,-,-,-,-,-,-,-
245,-,-,-,-,-,-,-,-,-,-,-,-,-,-,-,-,-,-,-,-
246,-,-,-,-,-,-,-,-,-,-,-,-,-,-,-,-,-,-,-,-
247,-,-,-,-,-,-,-,-,-,-,-,-,-,-,-,-,-,-,-,-
248,-,-,-,-,-,-,-,-,-,-,-,-,-,-,-,-,-,-,-,-
249,-,-,-,-,-,-,-,-,-,-,-,-,-,-,-,-,-,-,-,-
250,-,-,-,-,-,-,-,-,-,-,-,-,-,-,-,-,-,-,-,-
251,-,-,-,-,-,-,-,-,-,-,-,-,-,-,-,-,-,-,-,-
252,#ERROR!,,,,,,,,,,,,,,,,,,,
253,-,-,-,-,-,-,-,-,-,-,-,-,-,-,-,-,-,-,-,-
254,-,-,-,-,-,-,-,-,-,-,-,-,-,-,-,-,-,-,-,-
255,-,-,-,-,-,-,-,-,-,-,-,-,-,-,-,-,-,-,-,-
256,-,-,-,-,-,-,-,-,-,-,-,-,-,-,-,-,-,-,-,-
257,-,-,-,-,-,-,-,-,-,-,-,-,-,-,-,-,-,-,-,-
258,-,-,-,-,-,-,-,-,-,-,-,-,-,-,-,-,-,-,-,-
259,-,-,-,-,-,-,-,-,-,-,-,-,-,-,-,-,-,-,-,-
260,-,-,-,-,-,-,-,-,-,-,-,-,-,-,-,-,-,-,-,-
261,-,-,-,-,-,-,-,-,-,-,-,-,-,-,-,-,-,-,-,-
262,-,-,-,-,-,-,-,-,-,-,-,-,-,-,-,-,-,-,-,-
263,-,-,-,-,-,-,-,-,-,-,-,-,-,-,-,-,-,-,-,-
264,-,-,-,-,-,-,-,-,-,-,-,-,-,-,-,-,-,-,-,-
265,-,-,-,-,-,-,-,-,-,-,-,-,-,-,-,-,-,-,-,-
266,-,-,-,-,-,-,-,-,-,-,-,-,-,-,-,-,-,-,-,-
267,-,-,-,-,-,-,-,-,-,-,-,-,-,-,-,-,-,-,-,-
268,-,-,-,-,-,-,-,-,-,-,-,-,-,-,-,-,-,-,-,-
269,-,-,-,-,-,-,-,-,-,-,-,-,-,-,-,-,-,-,-,-
270,-,-,-,-,-,-,-,-,-,-,-,-,-,-,-,-,-,-,-,-
271,-,-,-,-,-,-,-,-,-,-,-,-,-,-,-,-,-,-,-,-
272,-,-,-,-,-,-,-,-,-,-,-,-,-,-,-,-,-,-,-,-
273,-,-,-,-,-,-,-,-,-,-,-,-,-,-,-,-,-,-,-,-
274,-,-,-,-,-,-,-,-,-,-,-,-,-,-,-,-,-,-,-,-
275,-,-,-,-,-,-,-,-,-,-,-,-,-,-,-,-,-,-,-,-
276,-,-,-,-,-,-,-,-,-,-,-,-,-,-,-,-,-,-,-,-
277,-,-,-,-,-,-,-,-,-,-,-,-,-,-,-,-,-,-,-,-
278,-,-,-,-,-,-,-,-,-,-,-,-,-,-,-,-,-,-,-,-
279,-,-,-,-,-,-,-,-,-,-,-,-,-,-,-,-,-,-,-,-
280,-,-,-,-,-,-,-,-,-,-,-,-,-,-,-,-,-,-,-,-
281,-,-,-,-,-,-,-,-,-,-,-,-,-,-,-,-,-,-,-,-
282,-,-,-,-,-,-,-,-,-,-,-,-,-,-,-,-,-,-,-,-
283,-,-,-,-,-,-,-,-,-,-,-,-,-,-,-,-,-,-,-,-
284,-,-,-,-,-,-,-,-,-,-,-,-,-,-,-,-,-,-,-,-
285,-,-,-,-,-,-,-,-,-,-,-,-,-,-,-,-,-,-,-,-
286,-,-,-,-,-,-,-,-,-,-,-,-,-,-,-,-,-,-,-,-
287,-,-,-,-,-,-,-,-,-,-,-,-,-,-,-,-,-,-,-,-
288,-,-,-,-,-,-,-,-,-,-,-,-,-,-,-,-,-,-,-,-
289,-,-,-,-,-,-,-,-,-,-,-,-,-,-,-,-,-,-,-,-
290,-,-,-,-,-,-,-,-,-,-,-,-,-,-,-,-,-,-,-,-
291,-,-,-,-,-,-,-,-,-,-,-,-,-,-,-,-,-,-,-,-
292,-,-,-,-,-,-,-,-,-,-,-,-,-,-,-,-,-,-,-,-
293,-,-,-,-,-,-,-,-,-,-,-,-,-,-,-,-,-,-,-,-
294,-,-,-,-,-,-,-,-,-,-,-,-,-,-,-,-,-,-,-,-
295,-,-,-,-,-,-,-,-,-,-,-,-,-,-,-,-,-,-,-,-
296,-,-,-,-,-,-,-,-,-,-,-,-,-,-,-,-,-,-,-,-
297,-,-,-,-,-,-,-,-,-,-,-,-,-,-,-,-,-,-,-,-
298,-,-,-,-,-,-,-,-,-,-,-,-,-,-,-,-,-,-,-,-
299,-,-,-,-,-,-,-,-,-,-,-,-,-,-,-,-,-,-,-,-
300,-,-,-,-,-,-,-,-,-,-,-,-,-,-,-,-,-,-,-,-